{
  "jobFlowId": "j-NB7V3VXMXQ4P",
  "jobFlowCreationInstant": 1620110997596,
  "instanceCount": 3,
  "masterInstanceId": "i-0cbe55221fb1986a6",
  "masterPrivateDnsName": "localhost",
  "masterInstanceType": "m5.xlarge",
  "slaveInstanceType": "m5.xlarge",
  "hadoopVersion": "2.8.5",
  "instanceGroups": [
    {
      "instanceGroupId": "ig-35J93G7QK1AEM",
      "instanceGroupName": "Core - 2",
      "instanceRole": "Core",
      "marketType": "OnDemand",
      "instanceType": "m5.xlarge",
      "requestedInstanceCount": 0
    },
    {
      "instanceGroupId": "ig-NDK4BLCK1BRA",
      "instanceGroupName": "Task - 3",
      "instanceRole": "Task",
      "marketType": "OnDemand",
      "instanceType": "m5.xlarge",
      "requestedInstanceCount": 1
    },
    {
      "instanceGroupId": "ig-STIHAK5N344V",
      "instanceGroupName": "Master - 1",
      "instanceRole": "Master",
      "marketType": "OnDemand",
      "instanceType": "m5.xlarge",
      "requestedInstanceCount": 1
    }
  ]
}